param_name,min
module.module.base_model.model.module.model.layers.0.self_attn.q_proj.lora_A.default.weight,-5.1206770876888186e-05
module.module.base_model.model.module.model.layers.0.self_attn.q_proj.lora_B.default.weight,-0.04934069514274597
module.module.base_model.model.module.model.layers.0.self_attn.v_proj.lora_A.default.weight,-0.0035642737057060003
module.module.base_model.model.module.model.layers.0.self_attn.v_proj.lora_B.default.weight,-0.8020777702331543
module.module.base_model.model.module.model.layers.1.self_attn.q_proj.lora_A.default.weight,-5.196932761464268e-05
module.module.base_model.model.module.model.layers.1.self_attn.q_proj.lora_B.default.weight,-0.01466266717761755
module.module.base_model.model.module.model.layers.1.self_attn.v_proj.lora_A.default.weight,-0.0014359895139932632
module.module.base_model.model.module.model.layers.1.self_attn.v_proj.lora_B.default.weight,-1.9009532928466797
module.module.base_model.model.module.model.layers.2.self_attn.q_proj.lora_A.default.weight,-0.0001266847102669999
module.module.base_model.model.module.model.layers.2.self_attn.q_proj.lora_B.default.weight,-0.18982389569282532
module.module.base_model.model.module.model.layers.2.self_attn.v_proj.lora_A.default.weight,-0.0009200757485814393
module.module.base_model.model.module.model.layers.2.self_attn.v_proj.lora_B.default.weight,-0.7513782978057861
module.module.base_model.model.module.model.layers.3.self_attn.q_proj.lora_A.default.weight,-4.563033871818334e-05
module.module.base_model.model.module.model.layers.3.self_attn.q_proj.lora_B.default.weight,-0.15848904848098755
module.module.base_model.model.module.model.layers.3.self_attn.v_proj.lora_A.default.weight,-0.003947182092815638
module.module.base_model.model.module.model.layers.3.self_attn.v_proj.lora_B.default.weight,-0.29756298661231995
module.module.base_model.model.module.model.layers.4.self_attn.q_proj.lora_A.default.weight,-0.00016381649766117334
module.module.base_model.model.module.model.layers.4.self_attn.q_proj.lora_B.default.weight,-0.44697457551956177
module.module.base_model.model.module.model.layers.4.self_attn.v_proj.lora_A.default.weight,-0.001103369751945138
module.module.base_model.model.module.model.layers.4.self_attn.v_proj.lora_B.default.weight,-0.9627487063407898
module.module.base_model.model.module.model.layers.5.self_attn.q_proj.lora_A.default.weight,-0.00026230880757793784
module.module.base_model.model.module.model.layers.5.self_attn.q_proj.lora_B.default.weight,-0.4273605942726135
module.module.base_model.model.module.model.layers.5.self_attn.v_proj.lora_A.default.weight,-0.0010206648148596287
module.module.base_model.model.module.model.layers.5.self_attn.v_proj.lora_B.default.weight,-0.7210752964019775
module.module.base_model.model.module.model.layers.6.self_attn.q_proj.lora_A.default.weight,-8.194055408239365e-05
module.module.base_model.model.module.model.layers.6.self_attn.q_proj.lora_B.default.weight,-0.3034497797489166
module.module.base_model.model.module.model.layers.6.self_attn.v_proj.lora_A.default.weight,-0.0007807314395904541
module.module.base_model.model.module.model.layers.6.self_attn.v_proj.lora_B.default.weight,-0.411302387714386
module.module.base_model.model.module.model.layers.7.self_attn.q_proj.lora_A.default.weight,-8.801025978755206e-05
module.module.base_model.model.module.model.layers.7.self_attn.q_proj.lora_B.default.weight,-0.6632426977157593
module.module.base_model.model.module.model.layers.7.self_attn.v_proj.lora_A.default.weight,-0.0069899000227451324
module.module.base_model.model.module.model.layers.7.self_attn.v_proj.lora_B.default.weight,-0.7138253450393677
module.module.base_model.model.module.model.layers.8.self_attn.q_proj.lora_A.default.weight,-0.00017134452355094254
module.module.base_model.model.module.model.layers.8.self_attn.q_proj.lora_B.default.weight,-0.33820879459381104
module.module.base_model.model.module.model.layers.8.self_attn.v_proj.lora_A.default.weight,-0.007008228451013565
module.module.base_model.model.module.model.layers.8.self_attn.v_proj.lora_B.default.weight,-0.9835781455039978
module.module.base_model.model.module.model.layers.9.self_attn.q_proj.lora_A.default.weight,-0.00026297359727323055
module.module.base_model.model.module.model.layers.9.self_attn.q_proj.lora_B.default.weight,-0.8130115270614624
module.module.base_model.model.module.model.layers.9.self_attn.v_proj.lora_A.default.weight,-0.0010126514825969934
module.module.base_model.model.module.model.layers.9.self_attn.v_proj.lora_B.default.weight,-0.9556764960289001
module.module.base_model.model.module.model.layers.10.self_attn.q_proj.lora_A.default.weight,-0.00018516380805522203
module.module.base_model.model.module.model.layers.10.self_attn.q_proj.lora_B.default.weight,-0.15381908416748047
module.module.base_model.model.module.model.layers.10.self_attn.v_proj.lora_A.default.weight,-0.0011538895778357983
module.module.base_model.model.module.model.layers.10.self_attn.v_proj.lora_B.default.weight,-0.5663251876831055
module.module.base_model.model.module.model.layers.11.self_attn.q_proj.lora_A.default.weight,-4.649571928894147e-05
module.module.base_model.model.module.model.layers.11.self_attn.q_proj.lora_B.default.weight,-0.21718312799930573
module.module.base_model.model.module.model.layers.11.self_attn.v_proj.lora_A.default.weight,-0.00801795069128275
module.module.base_model.model.module.model.layers.11.self_attn.v_proj.lora_B.default.weight,-1.2758067846298218
module.module.base_model.model.module.model.layers.12.self_attn.q_proj.lora_A.default.weight,-0.0001582094992045313
module.module.base_model.model.module.model.layers.12.self_attn.q_proj.lora_B.default.weight,-0.23109838366508484
module.module.base_model.model.module.model.layers.12.self_attn.v_proj.lora_A.default.weight,-0.0011261103209108114
module.module.base_model.model.module.model.layers.12.self_attn.v_proj.lora_B.default.weight,-1.3292930126190186
module.module.base_model.model.module.model.layers.13.self_attn.q_proj.lora_A.default.weight,-0.0002641072787810117
module.module.base_model.model.module.model.layers.13.self_attn.q_proj.lora_B.default.weight,-0.7325530648231506
module.module.base_model.model.module.model.layers.13.self_attn.v_proj.lora_A.default.weight,-0.003243727143853903
module.module.base_model.model.module.model.layers.13.self_attn.v_proj.lora_B.default.weight,-1.549209475517273
module.module.base_model.model.module.model.layers.14.self_attn.q_proj.lora_A.default.weight,-4.520091169979423e-05
module.module.base_model.model.module.model.layers.14.self_attn.q_proj.lora_B.default.weight,-0.08550330251455307
module.module.base_model.model.module.model.layers.14.self_attn.v_proj.lora_A.default.weight,-0.0018149338429793715
module.module.base_model.model.module.model.layers.14.self_attn.v_proj.lora_B.default.weight,-0.7288912534713745
module.module.base_model.model.module.model.layers.15.self_attn.q_proj.lora_A.default.weight,-0.0001400582550559193
module.module.base_model.model.module.model.layers.15.self_attn.q_proj.lora_B.default.weight,-0.5994468927383423
module.module.base_model.model.module.model.layers.15.self_attn.v_proj.lora_A.default.weight,-0.0005125064635649323
module.module.base_model.model.module.model.layers.15.self_attn.v_proj.lora_B.default.weight,-0.2775649428367615
module.module.base_model.model.module.model.layers.16.self_attn.q_proj.lora_A.default.weight,-8.806848200038075e-05
module.module.base_model.model.module.model.layers.16.self_attn.q_proj.lora_B.default.weight,-0.12088339030742645
module.module.base_model.model.module.model.layers.16.self_attn.v_proj.lora_A.default.weight,-0.0009770803153514862
module.module.base_model.model.module.model.layers.16.self_attn.v_proj.lora_B.default.weight,-0.7747073173522949
module.module.base_model.model.module.model.layers.17.self_attn.q_proj.lora_A.default.weight,-2.4062439479166642e-05
module.module.base_model.model.module.model.layers.17.self_attn.q_proj.lora_B.default.weight,-0.11021450161933899
module.module.base_model.model.module.model.layers.17.self_attn.v_proj.lora_A.default.weight,-0.0018877594266086817
module.module.base_model.model.module.model.layers.17.self_attn.v_proj.lora_B.default.weight,-0.38945043087005615
module.module.base_model.model.module.model.layers.18.self_attn.q_proj.lora_A.default.weight,-4.887424802291207e-05
module.module.base_model.model.module.model.layers.18.self_attn.q_proj.lora_B.default.weight,-0.21701860427856445
module.module.base_model.model.module.model.layers.18.self_attn.v_proj.lora_A.default.weight,-0.0003279650118201971
module.module.base_model.model.module.model.layers.18.self_attn.v_proj.lora_B.default.weight,-0.29367464780807495
module.module.base_model.model.module.model.layers.19.self_attn.q_proj.lora_A.default.weight,-2.9495591661543585e-05
module.module.base_model.model.module.model.layers.19.self_attn.q_proj.lora_B.default.weight,-0.1564132571220398
module.module.base_model.model.module.model.layers.19.self_attn.v_proj.lora_A.default.weight,-5.235440039541572e-05
module.module.base_model.model.module.model.layers.19.self_attn.v_proj.lora_B.default.weight,-0.06626008450984955
module.module.base_model.model.module.model.layers.20.self_attn.q_proj.lora_A.default.weight,-3.57489989255555e-05
module.module.base_model.model.module.model.layers.20.self_attn.q_proj.lora_B.default.weight,-0.08068108558654785
module.module.base_model.model.module.model.layers.20.self_attn.v_proj.lora_A.default.weight,-0.00013218715321272612
module.module.base_model.model.module.model.layers.20.self_attn.v_proj.lora_B.default.weight,-0.09154245257377625
module.module.base_model.model.module.model.layers.21.self_attn.q_proj.lora_A.default.weight,-2.9846389224985614e-05
module.module.base_model.model.module.model.layers.21.self_attn.q_proj.lora_B.default.weight,-0.13042721152305603
module.module.base_model.model.module.model.layers.21.self_attn.v_proj.lora_A.default.weight,-0.0008968947222456336
module.module.base_model.model.module.model.layers.21.self_attn.v_proj.lora_B.default.weight,-0.11217818409204483
module.module.base_model.model.module.model.layers.22.self_attn.q_proj.lora_A.default.weight,-1.8933582396130078e-05
module.module.base_model.model.module.model.layers.22.self_attn.q_proj.lora_B.default.weight,-0.05559460073709488
module.module.base_model.model.module.model.layers.22.self_attn.v_proj.lora_A.default.weight,-0.0005820427904836833
module.module.base_model.model.module.model.layers.22.self_attn.v_proj.lora_B.default.weight,-0.17332705855369568
module.module.base_model.model.module.model.layers.23.self_attn.q_proj.lora_A.default.weight,-7.458933396264911e-06
module.module.base_model.model.module.model.layers.23.self_attn.q_proj.lora_B.default.weight,-0.029008861631155014
module.module.base_model.model.module.model.layers.23.self_attn.v_proj.lora_A.default.weight,-0.0005189342191442847
module.module.base_model.model.module.model.layers.23.self_attn.v_proj.lora_B.default.weight,-0.05703675001859665
module.module.base_model.model.module.model.layers.24.self_attn.q_proj.lora_A.default.weight,-1.0680278137442656e-05
module.module.base_model.model.module.model.layers.24.self_attn.q_proj.lora_B.default.weight,-0.025375710800290108
module.module.base_model.model.module.model.layers.24.self_attn.v_proj.lora_A.default.weight,-0.0005214505945332348
module.module.base_model.model.module.model.layers.24.self_attn.v_proj.lora_B.default.weight,-0.11131007969379425
module.module.base_model.model.module.model.layers.25.self_attn.q_proj.lora_A.default.weight,-2.6922338292934e-05
module.module.base_model.model.module.model.layers.25.self_attn.q_proj.lora_B.default.weight,-0.0835939571261406
module.module.base_model.model.module.model.layers.25.self_attn.v_proj.lora_A.default.weight,-6.269853474805132e-05
module.module.base_model.model.module.model.layers.25.self_attn.v_proj.lora_B.default.weight,-0.19457852840423584
module.module.base_model.model.module.model.layers.26.self_attn.q_proj.lora_A.default.weight,-1.1084296602348331e-05
module.module.base_model.model.module.model.layers.26.self_attn.q_proj.lora_B.default.weight,-0.038626037538051605
module.module.base_model.model.module.model.layers.26.self_attn.v_proj.lora_A.default.weight,-0.0002886719594243914
module.module.base_model.model.module.model.layers.26.self_attn.v_proj.lora_B.default.weight,-0.11114133894443512
module.module.base_model.model.module.model.layers.27.self_attn.q_proj.lora_A.default.weight,-1.2584147953020874e-05
module.module.base_model.model.module.model.layers.27.self_attn.q_proj.lora_B.default.weight,-0.020398959517478943
module.module.base_model.model.module.model.layers.27.self_attn.v_proj.lora_A.default.weight,-4.945111140841618e-05
module.module.base_model.model.module.model.layers.27.self_attn.v_proj.lora_B.default.weight,-0.28353920578956604
module.module.base_model.model.module.model.layers.28.self_attn.q_proj.lora_A.default.weight,-2.2193002223502845e-05
module.module.base_model.model.module.model.layers.28.self_attn.q_proj.lora_B.default.weight,-0.07680355757474899
module.module.base_model.model.module.model.layers.28.self_attn.v_proj.lora_A.default.weight,-0.0003974983119405806
module.module.base_model.model.module.model.layers.28.self_attn.v_proj.lora_B.default.weight,-0.05458787456154823
module.module.base_model.model.module.model.layers.29.self_attn.q_proj.lora_A.default.weight,-2.9781675038975663e-05
module.module.base_model.model.module.model.layers.29.self_attn.q_proj.lora_B.default.weight,-0.06993158161640167
module.module.base_model.model.module.model.layers.29.self_attn.v_proj.lora_A.default.weight,-0.0002363874518778175
module.module.base_model.model.module.model.layers.29.self_attn.v_proj.lora_B.default.weight,-0.04231906309723854
module.module.base_model.model.module.model.layers.30.self_attn.q_proj.lora_A.default.weight,-1.1442531103966758e-05
module.module.base_model.model.module.model.layers.30.self_attn.q_proj.lora_B.default.weight,-0.11013631522655487
module.module.base_model.model.module.model.layers.30.self_attn.v_proj.lora_A.default.weight,-4.417839227244258e-05
module.module.base_model.model.module.model.layers.30.self_attn.v_proj.lora_B.default.weight,-0.061832964420318604
module.module.base_model.model.module.model.layers.31.self_attn.q_proj.lora_A.default.weight,-8.925635484047234e-06
module.module.base_model.model.module.model.layers.31.self_attn.q_proj.lora_B.default.weight,-0.038939543068408966
module.module.base_model.model.module.model.layers.31.self_attn.v_proj.lora_A.default.weight,-0.00018973025726154447
module.module.base_model.model.module.model.layers.31.self_attn.v_proj.lora_B.default.weight,-0.07832622528076172
